"('rating', '4.9')","('reviews_count', '4 review')","('location', 'Dresdener Str. 15, 10999 Berlin')","('contact', '030 65483962')","('website', 'comcha.business.site')","('Time', {'Monday': 'NA', 'Tuesday': 'NA', 'Wednesday': 'NA', 'Thursday': 'NA', 'Friday': 'NA', 'Saturday': 'NA', 'Sunday': 'NA'})","('Reviews', [])","('Popular Times', {'Monday': [], 'Tuesday': [], 'Wednesday': [], 'Thursday': [], 'Friday': [], 'Saturday': [], 'Sunday': []})"
"('rating', '4.9')","('reviews_count', '0 review')","('location', 'Grunewaldstraße 88, 10823 Berlin')","('contact', '0176 70661778')","('website', 'vegannaa.business.site')","('Time', {'Monday': 'NA', 'Tuesday': 'NA', 'Wednesday': 'NA', 'Thursday': 'NA', 'Friday': 'NA', 'Saturday': 'NA', 'Sunday': 'NA'})","('Reviews', [])","('Popular Times', {'Monday': [], 'Tuesday': [], 'Wednesday': [], 'Thursday': [], 'Friday': [], 'Saturday': [], 'Sunday': []})"
"('rating', '4.7')","('reviews_count', '38 review')","('location', 'Potsdamer Straße 3, 10785 Berlin')","('contact', '030 590051234')","('website', 'facil.de')","('Time', {'Monday': 'NA', 'Tuesday': 'NA', 'Wednesday': 'NA', 'Thursday': 'NA', 'Friday': 'NA', 'Saturday': 'NA', 'Sunday': 'NA'})","('Reviews', [])","('Popular Times', {'Monday': [], 'Tuesday': [], 'Wednesday': [], 'Thursday': [], 'Friday': [], 'Saturday': [], 'Sunday': []})"
"('rating', '4.7')","('reviews_count', '09 review')","('location', 'Spreeufer 2, 10178 Berlin')","('contact', '030 30882156')","('website', 'balthazar-spreeufer.de')","('Time', {'Monday': 'NA', 'Tuesday': 'NA', 'Wednesday': 'NA', 'Thursday': 'NA', 'Friday': 'NA', 'Saturday': 'NA', 'Sunday': 'NA'})","('Reviews', [])","('Popular Times', {'Monday': [], 'Tuesday': [], 'Wednesday': [], 'Thursday': [], 'Friday': [], 'Saturday': [], 'Sunday': []})"
"('rating', '4.6')","('reviews_count', '27 review')","('location', 'Potsdamer Straße 58, 10785 Berlin')","('contact', '030 89064222')","('website', 'golvet.de')","('Time', {'Monday': 'NA', 'Tuesday': 'NA', 'Wednesday': 'NA', 'Thursday': 'NA', 'Friday': 'NA', 'Saturday': 'NA', 'Sunday': 'NA'})","('Reviews', [])","('Popular Times', {'Monday': [], 'Tuesday': [], 'Wednesday': [], 'Thursday': [], 'Friday': [], 'Saturday': [], 'Sunday': []})"
"('rating', '4.5')","('reviews_count', '46 review')","('location', 'Friedrichstraße 158, 10117 Berlin')","('contact', '030 680730488')","('website', 'crackersberlin.com')","('Time', {'Monday': 'NA', 'Tuesday': 'NA', 'Wednesday': 'NA', 'Thursday': 'NA', 'Friday': 'NA', 'Saturday': 'NA', 'Sunday': 'NA'})","('Reviews', [])","('Popular Times', {'Monday': [], 'Tuesday': [], 'Wednesday': [], 'Thursday': [], 'Friday': [], 'Saturday': [], 'Sunday': []})"
"('rating', '4.4')","('reviews_count', '81 review')","('location', 'Marlene-Dietrich-Platz 2, 10785 Berlin')","('contact', '030 25531772')","('website', 'vox-restaurant.de')","('Time', {'Monday': 'NA', 'Tuesday': 'NA', 'Wednesday': 'NA', 'Thursday': 'NA', 'Friday': 'NA', 'Saturday': 'NA', 'Sunday': 'NA'})","('Reviews', [])","('Popular Times', {'Monday': [], 'Tuesday': [], 'Wednesday': [], 'Thursday': [], 'Friday': [], 'Saturday': [], 'Sunday': []})"
"('rating', '4.6')","('reviews_count', ',135 review')","('location', 'Bergmannstraße 97, 10961 Berlin')","('contact', '030 68325085')","('website', 'facebook.com')","('Time', {'Monday': 'NA', 'Tuesday': 'NA', 'Wednesday': 'NA', 'Thursday': 'NA', 'Friday': 'NA', 'Saturday': 'NA', 'Sunday': 'NA'})","('Reviews', [])","('Popular Times', {'Monday': [], 'Tuesday': [], 'Wednesday': [], 'Thursday': [], 'Friday': [], 'Saturday': [], 'Sunday': []})"
"('rating', '4.7')","('reviews_count', '40 review')","('location', 'Eisenacher Str. 48, 10823 Berlin')","('contact', '030 30360275')","('website', 'pequena-habana.de')","('Time', {'Monday': 'NA', 'Tuesday': 'NA', 'Wednesday': 'NA', 'Thursday': 'NA', 'Friday': 'NA', 'Saturday': 'NA', 'Sunday': 'NA'})","('Reviews', [])","('Popular Times', {'Monday': [], 'Tuesday': [], 'Wednesday': [], 'Thursday': [], 'Friday': [], 'Saturday': [], 'Sunday': []})"
"('rating', '4.4')","('reviews_count', '23 review')","('location', 'Winterfeldtstraße 56, 10781 Berlin')","('contact', '030 2168869')","('website', 'restaurant-april.net')","('Time', {'Monday': 'NA', 'Tuesday': 'NA', 'Wednesday': 'NA', 'Thursday': 'NA', 'Friday': 'NA', 'Saturday': 'NA', 'Sunday': 'NA'})","('Reviews', [])","('Popular Times', {'Monday': [], 'Tuesday': [], 'Wednesday': [], 'Thursday': [], 'Friday': [], 'Saturday': [], 'Sunday': []})"
"('rating', '4.6')","('reviews_count', '07 review')","('location', 'Mittelstraße 30, 10117 Berlin')","('contact', '030 20630611')","('website', '1687.berlin')","('Time', {'Monday': 'NA', 'Tuesday': 'NA', 'Wednesday': 'NA', 'Thursday': 'NA', 'Friday': 'NA', 'Saturday': 'NA', 'Sunday': 'NA'})","('Reviews', [])","('Popular Times', {'Monday': [], 'Tuesday': [], 'Wednesday': [], 'Thursday': [], 'Friday': [], 'Saturday': [], 'Sunday': []})"
"('rating', '4.6')","('reviews_count', '51 review')","('location', 'Unter den Linden 77, 10117 Berlin')","('contact', '030 22611960')","('website', 'kempinski.com')","('Time', {'Monday': 'NA', 'Tuesday': 'NA', 'Wednesday': 'NA', 'Thursday': 'NA', 'Friday': 'NA', 'Saturday': 'NA', 'Sunday': 'NA'})","('Reviews', [])","('Popular Times', {'Monday': [], 'Tuesday': [], 'Wednesday': [], 'Thursday': [], 'Friday': [], 'Saturday': [], 'Sunday': []})"
"('rating', '4.8')","('reviews_count', '70 review')","('location', 'Köpenicker Str. 159, 10997 Berlin')","('contact', '030 93916021')","('website', 'harimoksh-restaurant.com')","('Time', {'Monday': 'NA', 'Tuesday': 'NA', 'Wednesday': 'NA', 'Thursday': 'NA', 'Friday': 'NA', 'Saturday': 'NA', 'Sunday': 'NA'})","('Reviews', [])","('Popular Times', {'Monday': [], 'Tuesday': [], 'Wednesday': [], 'Thursday': [], 'Friday': [], 'Saturday': [], 'Sunday': []})"
"('rating', '4.6')","('reviews_count', '55 review')","('location', 'Rudi-Dutschke-Straße 26, 10969 Berlin')","('contact', '030 25937930')","('website', 'tim-raue.com')","('Time', {'Monday': 'NA', 'Tuesday': 'NA', 'Wednesday': 'NA', 'Thursday': 'NA', 'Friday': 'NA', 'Saturday': 'NA', 'Sunday': 'NA'})","('Reviews', [])","('Popular Times', {'Monday': [], 'Tuesday': [], 'Wednesday': [], 'Thursday': [], 'Friday': [], 'Saturday': [], 'Sunday': []})"
"('rating', '4.5')","('reviews_count', '26 review')","('location', 'Motzstraße 34, 10777 Berlin')","('contact', '030 21018101')","('website', 'sissi-berlin.de')","('Time', {'Monday': 'NA', 'Tuesday': 'NA', 'Wednesday': 'NA', 'Thursday': 'NA', 'Friday': 'NA', 'Saturday': 'NA', 'Sunday': 'NA'})","('Reviews', [])","('Popular Times', {'Monday': [], 'Tuesday': [], 'Wednesday': [], 'Thursday': [], 'Friday': [], 'Saturday': [], 'Sunday': []})"
"('rating', '4.5')","('reviews_count', '32 review')","('location', 'Motzstraße 28, 10777 Berlin')","('contact', '030 20859305')","('website', 'instagram.com')","('Time', {'Monday': 'NA', 'Tuesday': 'NA', 'Wednesday': 'NA', 'Thursday': 'NA', 'Friday': 'NA', 'Saturday': 'NA', 'Sunday': 'NA'})","('Reviews', [])","('Popular Times', {'Monday': [], 'Tuesday': [], 'Wednesday': [], 'Thursday': [], 'Friday': [], 'Saturday': [], 'Sunday': []})"
"('rating', '4.5')","('reviews_count', '04 review')","('location', 'Paul-Lincke-Ufer 21, 10999 Berlin')","('contact', '030 338402320')","('website', 'restaurant-volt.de')","('Time', {'Monday': 'NA', 'Tuesday': 'NA', 'Wednesday': 'NA', 'Thursday': 'NA', 'Friday': 'NA', 'Saturday': 'NA', 'Sunday': 'NA'})","('Reviews', [])","('Popular Times', {'Monday': [], 'Tuesday': [], 'Wednesday': [], 'Thursday': [], 'Friday': [], 'Saturday': [], 'Sunday': []})"
"('rating', '4.4')","('reviews_count', '74 review')","('location', 'Potsdamer Straße 91, 10785 Berlin')","('contact', '030 983208435')","('website', 'oh-panama.com')","('Time', {'Monday': 'NA', 'Tuesday': 'NA', 'Wednesday': 'NA', 'Thursday': 'NA', 'Friday': 'NA', 'Saturday': 'NA', 'Sunday': 'NA'})","('Reviews', [])","('Popular Times', {'Monday': [], 'Tuesday': [], 'Wednesday': [], 'Thursday': [], 'Friday': [], 'Saturday': [], 'Sunday': []})"
"('rating', '4.4')","('reviews_count', '44 review')","('location', 'Reichenberger Str. 122, 10999 Berlin')","('contact', '030 54821866')","('website', 'bastard-berlin.de')","('Time', {'Monday': 'NA', 'Tuesday': 'NA', 'Wednesday': 'NA', 'Thursday': 'NA', 'Friday': 'NA', 'Saturday': 'NA', 'Sunday': 'NA'})","('Reviews', [])","('Popular Times', {'Monday': [], 'Tuesday': [], 'Wednesday': [], 'Thursday': [], 'Friday': [], 'Saturday': [], 'Sunday': []})"
"('rating', '4.2')","('reviews_count', '42 review')","('location', 'Carl-Herz-Ufer 9, 10961 Berlin')","('contact', '030 60059888')","('website', 'ahorn.berlin')","('Time', {'Monday': 'NA', 'Tuesday': 'NA', 'Wednesday': 'NA', 'Thursday': 'NA', 'Friday': 'NA', 'Saturday': 'NA', 'Sunday': 'NA'})","('Reviews', [])","('Popular Times', {'Monday': [], 'Tuesday': [], 'Wednesday': [], 'Thursday': [], 'Friday': [], 'Saturday': [], 'Sunday': []})"
"('rating', '4.4')","('reviews_count', '95 review')","('location', 'Neue Roßstraße 11-12, 10179 Berlin')","('contact', '030 24083280')","('website', 'canarestaurant.de')","('Time', {'Monday': 'NA', 'Tuesday': 'NA', 'Wednesday': 'NA', 'Thursday': 'NA', 'Friday': 'NA', 'Saturday': 'NA', 'Sunday': 'NA'})","('Reviews', [])","('Popular Times', {'Monday': [], 'Tuesday': [], 'Wednesday': [], 'Thursday': [], 'Friday': [], 'Saturday': [], 'Sunday': []})"
"('rating', '4.6')","('reviews_count', '03 review')","('location', 'Kurfürstenstraße 114, 10787 Berlin')","('contact', '030 65004861')","('website', 'rainbowl.net')","('Time', {'Monday': 'NA', 'Tuesday': 'NA', 'Wednesday': 'NA', 'Thursday': 'NA', 'Friday': 'NA', 'Saturday': 'NA', 'Sunday': 'NA'})","('Reviews', [])","('Popular Times', {'Monday': [], 'Tuesday': [], 'Wednesday': [], 'Thursday': [], 'Friday': [], 'Saturday': [], 'Sunday': []})"
"('rating', '4.6')","('reviews_count', '51 review')","('location', 'Unter den Linden 77, 10117 Berlin')","('contact', '030 22611960')","('website', 'kempinski.com')","('Time', {'Monday': 'NA', 'Tuesday': 'NA', 'Wednesday': 'NA', 'Thursday': 'NA', 'Friday': 'NA', 'Saturday': 'NA', 'Sunday': 'NA'})","('Reviews', [])","('Popular Times', {'Monday': [], 'Tuesday': [], 'Wednesday': [], 'Thursday': [], 'Friday': [], 'Saturday': [], 'Sunday': []})"
"('rating', '4.6')","('reviews_count', '55 review')","('location', 'Rudi-Dutschke-Straße 26, 10969 Berlin')","('contact', '030 25937930')","('website', 'tim-raue.com')","('Time', {'Monday': 'NA', 'Tuesday': 'NA', 'Wednesday': 'NA', 'Thursday': 'NA', 'Friday': 'NA', 'Saturday': 'NA', 'Sunday': 'NA'})","('Reviews', [])","('Popular Times', {'Monday': [], 'Tuesday': [], 'Wednesday': [], 'Thursday': [], 'Friday': [], 'Saturday': [], 'Sunday': []})"
"('rating', '4.8')","('reviews_count', ',663 review')","('location', 'Leipziger Pl. 12, 10117 Berlin')","('contact', '030 22002727')","('website', 'vedang.de')","('Time', {'Monday': 'NA', 'Tuesday': 'NA', 'Wednesday': 'NA', 'Thursday': 'NA', 'Friday': 'NA', 'Saturday': 'NA', 'Sunday': 'NA'})","('Reviews', [])","('Popular Times', {'Monday': [], 'Tuesday': [], 'Wednesday': [], 'Thursday': [], 'Friday': [], 'Saturday': [], 'Sunday': []})"
"('rating', '4.6')","('reviews_count', ',060 review')","('location', 'Motzstraße 28, 10777 Berlin')","('contact', '030 21913470')","('website', 'zsazsaburger.de')","('Time', {'Monday': 'NA', 'Tuesday': 'NA', 'Wednesday': 'NA', 'Thursday': 'NA', 'Friday': 'NA', 'Saturday': 'NA', 'Sunday': 'NA'})","('Reviews', [])","('Popular Times', {'Monday': [], 'Tuesday': [], 'Wednesday': [], 'Thursday': [], 'Friday': [], 'Saturday': [], 'Sunday': []})"
"('rating', '4.7')","('reviews_count', '64 review')","('location', 'Dudenstraße 15, 10965 Berlin')","('contact', '030 7850676')","('website', 'durbarrestaurant.de')","('Time', {'Monday': 'NA', 'Tuesday': 'NA', 'Wednesday': 'NA', 'Thursday': 'NA', 'Friday': 'NA', 'Saturday': 'NA', 'Sunday': 'NA'})","('Reviews', [])","('Popular Times', {'Monday': [], 'Tuesday': [], 'Wednesday': [], 'Thursday': [], 'Friday': [], 'Saturday': [], 'Sunday': []})"
"('rating', '4.5')","('reviews_count', '76 review')","('location', 'Fontanepromenade 1, 10967 Berlin')","('contact', '030 6914597')","('website', 'ilnuovoprimo.de')","('Time', {'Monday': 'NA', 'Tuesday': 'NA', 'Wednesday': 'NA', 'Thursday': 'NA', 'Friday': 'NA', 'Saturday': 'NA', 'Sunday': 'NA'})","('Reviews', [])","('Popular Times', {'Monday': [], 'Tuesday': [], 'Wednesday': [], 'Thursday': [], 'Friday': [], 'Saturday': [], 'Sunday': []})"
"('rating', '4.3')","('reviews_count', ',784 review')","('location', 'Friedrichstraße 185-190, 10117 Berlin')","('contact', '030 20450559')","('website', 'maximilians-berlin.de')","('Time', {'Monday': 'NA', 'Tuesday': 'NA', 'Wednesday': 'NA', 'Thursday': 'NA', 'Friday': 'NA', 'Saturday': 'NA', 'Sunday': 'NA'})","('Reviews', [])","('Popular Times', {'Monday': [], 'Tuesday': [], 'Wednesday': [], 'Thursday': [], 'Friday': [], 'Saturday': [], 'Sunday': []})"
"('rating', '4.2')","('reviews_count', '42 review')","('location', 'Carl-Herz-Ufer 9, 10961 Berlin')","('contact', '030 60059888')","('website', 'ahorn.berlin')","('Time', {'Monday': 'NA', 'Tuesday': 'NA', 'Wednesday': 'NA', 'Thursday': 'NA', 'Friday': 'NA', 'Saturday': 'NA', 'Sunday': 'NA'})","('Reviews', [])","('Popular Times', {'Monday': [], 'Tuesday': [], 'Wednesday': [], 'Thursday': [], 'Friday': [], 'Saturday': [], 'Sunday': []})"
"('rating', '4.3')","('reviews_count', '57 review')","('location', 'Behrenstraße 42, 10117 Berlin')","('contact', '030 767752724')","('website', 'austernbank-berlin.de')","('Time', {'Monday': 'NA', 'Tuesday': 'NA', 'Wednesday': 'NA', 'Thursday': 'NA', 'Friday': 'NA', 'Saturday': 'NA', 'Sunday': 'NA'})","('Reviews', [])","('Popular Times', {'Monday': [], 'Tuesday': [], 'Wednesday': [], 'Thursday': [], 'Friday': [], 'Saturday': [], 'Sunday': []})"
"('rating', '4.4')","('reviews_count', ',471 review')","('location', 'Winterfeldtstraße 40, 10781 Berlin')","('contact', '030 21014640')","('website', 'amrit.de')","('Time', {'Monday': 'NA', 'Tuesday': 'NA', 'Wednesday': 'NA', 'Thursday': 'NA', 'Friday': 'NA', 'Saturday': 'NA', 'Sunday': 'NA'})","('Reviews', [])","('Popular Times', {'Monday': [], 'Tuesday': [], 'Wednesday': [], 'Thursday': [], 'Friday': [], 'Saturday': [], 'Sunday': []})"
"('rating', '4.6')","('reviews_count', '87 review')","('location', 'Hasenheide 58, 10967 Berlin')","('contact', '030 23917778')","('website', 'fes-turkishbbq.de')","('Time', {'Monday': 'NA', 'Tuesday': 'NA', 'Wednesday': 'NA', 'Thursday': 'NA', 'Friday': 'NA', 'Saturday': 'NA', 'Sunday': 'NA'})","('Reviews', [])","('Popular Times', {'Monday': [], 'Tuesday': [], 'Wednesday': [], 'Thursday': [], 'Friday': [], 'Saturday': [], 'Sunday': []})"
"('rating', '4.3')","('reviews_count', '19 review')","('location', 'Behrenstraße 42, 10117 Berlin')","('contact', '030 76775270')","('website', 'restaurant-gendarmerie.de')","('Time', {'Monday': 'NA', 'Tuesday': 'NA', 'Wednesday': 'NA', 'Thursday': 'NA', 'Friday': 'NA', 'Saturday': 'NA', 'Sunday': 'NA'})","('Reviews', [])","('Popular Times', {'Monday': [], 'Tuesday': [], 'Wednesday': [], 'Thursday': [], 'Friday': [], 'Saturday': [], 'Sunday': []})"
"('rating', '4.3')","('reviews_count', '48 review')","('location', 'Hallesche Str. 10, 10963 Berlin')","('contact', '01512 2563654')","('website', 'layla-restaurant.com')","('Time', {'Monday': 'NA', 'Tuesday': 'NA', 'Wednesday': 'NA', 'Thursday': 'NA', 'Friday': 'NA', 'Saturday': 'NA', 'Sunday': 'NA'})","('Reviews', [])","('Popular Times', {'Monday': [], 'Tuesday': [], 'Wednesday': [], 'Thursday': [], 'Friday': [], 'Saturday': [], 'Sunday': []})"
"('rating', '4.4')","('reviews_count', ',300 review')","('location', 'Poststraße 28, 10178 Berlin')","('contact', '030 2415697')","('website', 'gerichtslaube.de')","('Time', {'Monday': 'NA', 'Tuesday': 'NA', 'Wednesday': 'NA', 'Thursday': 'NA', 'Friday': 'NA', 'Saturday': 'NA', 'Sunday': 'NA'})","('Reviews', [])","('Popular Times', {'Monday': [], 'Tuesday': [], 'Wednesday': [], 'Thursday': [], 'Friday': [], 'Saturday': [], 'Sunday': []})"
"('rating', '4.5')","('reviews_count', '14 review')","('location', 'Oranienpl. 17, 10999 Berlin')","('contact', '030 6953968780')","('website', 'orania.berlin')","('Time', {'Monday': 'NA', 'Tuesday': 'NA', 'Wednesday': 'NA', 'Thursday': 'NA', 'Friday': 'NA', 'Saturday': 'NA', 'Sunday': 'NA'})","('Reviews', [])","('Popular Times', {'Monday': [], 'Tuesday': [], 'Wednesday': [], 'Thursday': [], 'Friday': [], 'Saturday': [], 'Sunday': []})"
"('rating', '4.5')","('reviews_count', ',182 review')","('location', 'Potsdamer Straße 85, 10785 Berlin')","('contact', '030 88789416')","('website', 'sticksnsushi.com')","('Time', {'Monday': 'NA', 'Tuesday': 'NA', 'Wednesday': 'NA', 'Thursday': 'NA', 'Friday': 'NA', 'Saturday': 'NA', 'Sunday': 'NA'})","('Reviews', [])","('Popular Times', {'Monday': [], 'Tuesday': [], 'Wednesday': [], 'Thursday': [], 'Friday': [], 'Saturday': [], 'Sunday': []})"
"('rating', '4.8')","('reviews_count', '81 review')","('location', 'Nollendorfstraße 21A, 10777 Berlin')","('contact', '030 23305858')","('website', 'saigonfood.berlin')","('Time', {'Monday': 'NA', 'Tuesday': 'NA', 'Wednesday': 'NA', 'Thursday': 'NA', 'Friday': 'NA', 'Saturday': 'NA', 'Sunday': 'NA'})","('Reviews', [])","('Popular Times', {'Monday': [], 'Tuesday': [], 'Wednesday': [], 'Thursday': [], 'Friday': [], 'Saturday': [], 'Sunday': []})"
"('rating', '4.4')","('reviews_count', '9 review')","('location', 'Drakestraße 1, 10787 Berlin')","('contact', '030 3117220')","('website', '5-cinco.com')","('Time', {'Monday': 'NA', 'Tuesday': 'NA', 'Wednesday': 'NA', 'Thursday': 'NA', 'Friday': 'NA', 'Saturday': 'NA', 'Sunday': 'NA'})","('Reviews', [])","('Popular Times', {'Monday': [], 'Tuesday': [], 'Wednesday': [], 'Thursday': [], 'Friday': [], 'Saturday': [], 'Sunday': []})"
"('rating', '4.4')","('reviews_count', '46 review')","('location', 'Rathausstraße 23, 10178 Berlin')","('contact', '0174 1923359')","('website', 'ngonberlin.de')","('Time', {'Monday': 'NA', 'Tuesday': 'NA', 'Wednesday': 'NA', 'Thursday': 'NA', 'Friday': 'NA', 'Saturday': 'NA', 'Sunday': 'NA'})","('Reviews', [])","('Popular Times', {'Monday': [], 'Tuesday': [], 'Wednesday': [], 'Thursday': [], 'Friday': [], 'Saturday': [], 'Sunday': []})"
"('rating', '4.2')","('reviews_count', '07 review')","('location', 'Lützowpl. 5, 10785 Berlin')","('contact', '030 26557987')","('website', 'ristorante-tradinoi.de')","('Time', {'Monday': 'NA', 'Tuesday': 'NA', 'Wednesday': 'NA', 'Thursday': 'NA', 'Friday': 'NA', 'Saturday': 'NA', 'Sunday': 'NA'})","('Reviews', [])","('Popular Times', {'Monday': [], 'Tuesday': [], 'Wednesday': [], 'Thursday': [], 'Friday': [], 'Saturday': [], 'Sunday': []})"
"('rating', '4.2')","('reviews_count', '52 review')","('location', 'Muskauer Str. 1, 10997 Berlin')","('contact', '030 6123581')","('website', 'jolesch.de')","('Time', {'Monday': 'NA', 'Tuesday': 'NA', 'Wednesday': 'NA', 'Thursday': 'NA', 'Friday': 'NA', 'Saturday': 'NA', 'Sunday': 'NA'})","('Reviews', [])","('Popular Times', {'Monday': [], 'Tuesday': [], 'Wednesday': [], 'Thursday': [], 'Friday': [], 'Saturday': [], 'Sunday': []})"
"('rating', '4.4')","('reviews_count', '57 review')","('location', 'Skalitzer Str. 38, 10999 Berlin')","('contact', '030 69533377')","('website', 'business.site')","('Time', {'Monday': 'NA', 'Tuesday': 'NA', 'Wednesday': 'NA', 'Thursday': 'NA', 'Friday': 'NA', 'Saturday': 'NA', 'Sunday': 'NA'})","('Reviews', [])","('Popular Times', {'Monday': [], 'Tuesday': [], 'Wednesday': [], 'Thursday': [], 'Friday': [], 'Saturday': [], 'Sunday': []})"
"('rating', '4.4')","('reviews_count', '47 review')","('location', 'Charlottenstraße 63, Kronenstraße 54, 10117 Berlin')","('contact', '030 20216979')","('website', 'sapa-berlin.de')","('Time', {'Monday': 'NA', 'Tuesday': 'NA', 'Wednesday': 'NA', 'Thursday': 'NA', 'Friday': 'NA', 'Saturday': 'NA', 'Sunday': 'NA'})","('Reviews', [])","('Popular Times', {'Monday': [], 'Tuesday': [], 'Wednesday': [], 'Thursday': [], 'Friday': [], 'Saturday': [], 'Sunday': []})"
"('rating', '4.9')","('reviews_count', '8 review')","('location', 'Welserstraße 10-12, 10777 Berlin')","('contact', '030 20929492')","('website', 'bobthoms.berlin')","('Time', {'Monday': 'NA', 'Tuesday': 'NA', 'Wednesday': 'NA', 'Thursday': 'NA', 'Friday': 'NA', 'Saturday': 'NA', 'Sunday': 'NA'})","('Reviews', [])","('Popular Times', {'Monday': [], 'Tuesday': [], 'Wednesday': [], 'Thursday': [], 'Friday': [], 'Saturday': [], 'Sunday': []})"
"('rating', '4.1')","('reviews_count', '39 review')","('location', 'Pücklerstraße 34, 10997 Berlin')","('contact', '030 6175502')","('website', 'markthallen-restaurant.de')","('Time', {'Monday': 'NA', 'Tuesday': 'NA', 'Wednesday': 'NA', 'Thursday': 'NA', 'Friday': 'NA', 'Saturday': 'NA', 'Sunday': 'NA'})","('Reviews', [])","('Popular Times', {'Monday': [], 'Tuesday': [], 'Wednesday': [], 'Thursday': [], 'Friday': [], 'Saturday': [], 'Sunday': []})"
"('rating', '4.3')","('reviews_count', ',382 review')","('location', 'Oranienstraße 204, 10999 Berlin')","('contact', '030 6125550')","('website', 'amrit.de')","('Time', {'Monday': 'NA', 'Tuesday': 'NA', 'Wednesday': 'NA', 'Thursday': 'NA', 'Friday': 'NA', 'Saturday': 'NA', 'Sunday': 'NA'})","('Reviews', [])","('Popular Times', {'Monday': [], 'Tuesday': [], 'Wednesday': [], 'Thursday': [], 'Friday': [], 'Saturday': [], 'Sunday': []})"
"('rating', '3.9')","('reviews_count', '15 review')","('location', 'Lützowstraße 81, 10785 Berlin')","('contact', '030 2155294')","('website', 'kindeeberlin.com')","('Time', {'Monday': 'NA', 'Tuesday': 'NA', 'Wednesday': 'NA', 'Thursday': 'NA', 'Friday': 'NA', 'Saturday': 'NA', 'Sunday': 'NA'})","('Reviews', [])","('Popular Times', {'Monday': [], 'Tuesday': [], 'Wednesday': [], 'Thursday': [], 'Friday': [], 'Saturday': [], 'Sunday': []})"
"('rating', '4.7')","('reviews_count', ',281 review')","('location', 'Strausberger Pl. 2, 10178 Berlin')","('contact', '030 95598243')","('website', 'amano-ristorante.de')","('Time', {'Monday': 'NA', 'Tuesday': 'NA', 'Wednesday': 'NA', 'Thursday': 'NA', 'Friday': 'NA', 'Saturday': 'NA', 'Sunday': 'NA'})","('Reviews', [])","('Popular Times', {'Monday': [], 'Tuesday': [], 'Wednesday': [], 'Thursday': [], 'Friday': [], 'Saturday': [], 'Sunday': []})"
"('rating', '4.3')","('reviews_count', ',483 review')","('location', 'Manteuffelstraße 86, 10997 Berlin')","('contact', '030 6127790')","('website', 'adanagrillhaus.de')","('Time', {'Monday': 'NA', 'Tuesday': 'NA', 'Wednesday': 'NA', 'Thursday': 'NA', 'Friday': 'NA', 'Saturday': 'NA', 'Sunday': 'NA'})","('Reviews', [])","('Popular Times', {'Monday': [], 'Tuesday': [], 'Wednesday': [], 'Thursday': [], 'Friday': [], 'Saturday': [], 'Sunday': []})"
"('rating', '4.2')","('reviews_count', '07 review')","('location', 'Tempelhofer Ufer 6, 10963 Berlin')","('contact', '030 25294655')","('website', 'bluenileberlin.de')","('Time', {'Monday': 'NA', 'Tuesday': 'NA', 'Wednesday': 'NA', 'Thursday': 'NA', 'Friday': 'NA', 'Saturday': 'NA', 'Sunday': 'NA'})","('Reviews', [])","('Popular Times', {'Monday': [], 'Tuesday': [], 'Wednesday': [], 'Thursday': [], 'Friday': [], 'Saturday': [], 'Sunday': []})"
"('rating', '4.1')","('reviews_count', '0 review')","('location', 'Alexanderstraße 40, 10179 Berlin')","('contact', '030 31198340')","('website', 'thecommonsrestaurant.com')","('Time', {'Monday': 'NA', 'Tuesday': 'NA', 'Wednesday': 'NA', 'Thursday': 'NA', 'Friday': 'NA', 'Saturday': 'NA', 'Sunday': 'NA'})","('Reviews', [])","('Popular Times', {'Monday': [], 'Tuesday': [], 'Wednesday': [], 'Thursday': [], 'Friday': [], 'Saturday': [], 'Sunday': []})"
"('rating', '4.5')","('reviews_count', '03 review')","('location', 'Zossener Str. 13, 10961 Berlin')","('contact', '030 69006455')","('website', 'yummy-kitchen.de')","('Time', {'Monday': 'NA', 'Tuesday': 'NA', 'Wednesday': 'NA', 'Thursday': 'NA', 'Friday': 'NA', 'Saturday': 'NA', 'Sunday': 'NA'})","('Reviews', [])","('Popular Times', {'Monday': [], 'Tuesday': [], 'Wednesday': [], 'Thursday': [], 'Friday': [], 'Saturday': [], 'Sunday': []})"
"('rating', '4.6')","('reviews_count', '9 review')","('location', 'Wiener Straße 19, 10999 Berlin')","('contact', '030 61626649')","('website', 'koisen.berlin')","('Time', {'Monday': 'NA', 'Tuesday': 'NA', 'Wednesday': 'NA', 'Thursday': 'NA', 'Friday': 'NA', 'Saturday': 'NA', 'Sunday': 'NA'})","('Reviews', [])","('Popular Times', {'Monday': [], 'Tuesday': [], 'Wednesday': [], 'Thursday': [], 'Friday': [], 'Saturday': [], 'Sunday': []})"
"('rating', '4.3')","('reviews_count', '77 review')","('location', 'Paul-Lincke-Ufer 23, 10999 Berlin')","('contact', '030 67896655')","('website', 'cocochu.de')","('Time', {'Monday': 'NA', 'Tuesday': 'NA', 'Wednesday': 'NA', 'Thursday': 'NA', 'Friday': 'NA', 'Saturday': 'NA', 'Sunday': 'NA'})","('Reviews', [])","('Popular Times', {'Monday': [], 'Tuesday': [], 'Wednesday': [], 'Thursday': [], 'Friday': [], 'Saturday': [], 'Sunday': []})"
"('rating', '4.4')","('reviews_count', ',063 review')","('location', 'Platz der Republik 1 Reichstagsgebäude, 11011 Berlin')","('contact', '030 2262990')","('website', 'feinkost-kaefer.de')","('Time', {'Monday': 'NA', 'Tuesday': 'NA', 'Wednesday': 'NA', 'Thursday': 'NA', 'Friday': 'NA', 'Saturday': 'NA', 'Sunday': 'NA'})","('Reviews', [])","('Popular Times', {'Monday': [], 'Tuesday': [], 'Wednesday': [], 'Thursday': [], 'Friday': [], 'Saturday': [], 'Sunday': []})"
"('rating', '4.2')","('reviews_count', '14 review')","('location', 'Wilhelmstraße 87, 10117 Berlin')","('contact', '030 20605508')","('website', 'm.facebook.com')","('Time', {'Monday': 'NA', 'Tuesday': 'NA', 'Wednesday': 'NA', 'Thursday': 'NA', 'Friday': 'NA', 'Saturday': 'NA', 'Sunday': 'NA'})","('Reviews', [])","('Popular Times', {'Monday': [], 'Tuesday': [], 'Wednesday': [], 'Thursday': [], 'Friday': [], 'Saturday': [], 'Sunday': []})"
"('rating', '4.5')","('reviews_count', '8 review')","('location', 'Pannierstraße 24, 12047 Berlin')","('contact', '030 62733210')","('website', '1shed.com')","('Time', {'Monday': 'NA', 'Tuesday': 'NA', 'Wednesday': 'NA', 'Thursday': 'NA', 'Friday': 'NA', 'Saturday': 'NA', 'Sunday': 'NA'})","('Reviews', [])","('Popular Times', {'Monday': [], 'Tuesday': [], 'Wednesday': [], 'Thursday': [], 'Friday': [], 'Saturday': [], 'Sunday': []})"
"('rating', '4.5')","('reviews_count', '68 review')","('location', 'Fuggerstraße 21, 10777 Berlin')","('contact', '030 2138826')","('website', 'maharadscha2.de')","('Time', {'Monday': 'NA', 'Tuesday': 'NA', 'Wednesday': 'NA', 'Thursday': 'NA', 'Friday': 'NA', 'Saturday': 'NA', 'Sunday': 'NA'})","('Reviews', [])","('Popular Times', {'Monday': [], 'Tuesday': [], 'Wednesday': [], 'Thursday': [], 'Friday': [], 'Saturday': [], 'Sunday': []})"
"('rating', '4.3')","('reviews_count', ',857 review')","('location', 'Skalitzer Str. 36, 10999 Berlin')","('contact', '0163 4580203')","('website', 'kimchiprincess.com')","('Time', {'Monday': 'NA', 'Tuesday': 'NA', 'Wednesday': 'NA', 'Thursday': 'NA', 'Friday': 'NA', 'Saturday': 'NA', 'Sunday': 'NA'})","('Reviews', [])","('Popular Times', {'Monday': [], 'Tuesday': [], 'Wednesday': [], 'Thursday': [], 'Friday': [], 'Saturday': [], 'Sunday': []})"
"('rating', '4.2')","('reviews_count', '46 review')","('location', 'Unter den Linden 77, 10117 Berlin')","('contact', '030 22611959')","('website', 'kempinski.com')","('Time', {'Monday': 'NA', 'Tuesday': 'NA', 'Wednesday': 'NA', 'Thursday': 'NA', 'Friday': 'NA', 'Saturday': 'NA', 'Sunday': 'NA'})","('Reviews', [])","('Popular Times', {'Monday': [], 'Tuesday': [], 'Wednesday': [], 'Thursday': [], 'Friday': [], 'Saturday': [], 'Sunday': []})"
"('rating', '4.3')","('reviews_count', '24 review')","('location', 'Hauptstraße 159, 10827 Berlin')","('contact', '030 76768499')","('website', 'pitaya.jimdosite.com')","('Time', {'Monday': 'NA', 'Tuesday': 'NA', 'Wednesday': 'NA', 'Thursday': 'NA', 'Friday': 'NA', 'Saturday': 'NA', 'Sunday': 'NA'})","('Reviews', [])","('Popular Times', {'Monday': [], 'Tuesday': [], 'Wednesday': [], 'Thursday': [], 'Friday': [], 'Saturday': [], 'Sunday': []})"
"('rating', '3.9')","('reviews_count', '28 review')","('location', 'Ritterstraße 60B, 10969 Berlin')","('contact', '030 2516607')","('website', 'la-piccola.de')","('Time', {'Monday': 'NA', 'Tuesday': 'NA', 'Wednesday': 'NA', 'Thursday': 'NA', 'Friday': 'NA', 'Saturday': 'NA', 'Sunday': 'NA'})","('Reviews', [])","('Popular Times', {'Monday': [], 'Tuesday': [], 'Wednesday': [], 'Thursday': [], 'Friday': [], 'Saturday': [], 'Sunday': []})"
"('rating', '3.9')","('reviews_count', '60 review')","('location', 'Hauptstraße 36, 10827 Berlin')","('contact', '030 78717101')","('website', 'hannibal-berlin.de')","('Time', {'Monday': 'NA', 'Tuesday': 'NA', 'Wednesday': 'NA', 'Thursday': 'NA', 'Friday': 'NA', 'Saturday': 'NA', 'Sunday': 'NA'})","('Reviews', [])","('Popular Times', {'Monday': [], 'Tuesday': [], 'Wednesday': [], 'Thursday': [], 'Friday': [], 'Saturday': [], 'Sunday': []})"
"('rating', '4.2')","('reviews_count', '3 review')","('location', 'EUREF-Campus 22, 10829 Berlin')","('contact', '030 26476741')","('website', 'euref.de')","('Time', {'Monday': 'NA', 'Tuesday': 'NA', 'Wednesday': 'NA', 'Thursday': 'NA', 'Friday': 'NA', 'Saturday': 'NA', 'Sunday': 'NA'})","('Reviews', [])","('Popular Times', {'Monday': [], 'Tuesday': [], 'Wednesday': [], 'Thursday': [], 'Friday': [], 'Saturday': [], 'Sunday': []})"
"('rating', '4.6')","('reviews_count', '00 review')","('location', 'Neustädtische Kirchstraße 8, 10117 Berlin')","('contact', '030 83218865')","('website', 'flamingo-freshfood.de')","('Time', {'Monday': 'NA', 'Tuesday': 'NA', 'Wednesday': 'NA', 'Thursday': 'NA', 'Friday': 'NA', 'Saturday': 'NA', 'Sunday': 'NA'})","('Reviews', [])","('Popular Times', {'Monday': [], 'Tuesday': [], 'Wednesday': [], 'Thursday': [], 'Friday': [], 'Saturday': [], 'Sunday': []})"
"('rating', '4.5')","('reviews_count', ',515 review')","('location', 'Am Kupfergraben 4/4a, 10117 Berlin')","('contact', '030 20059500')","('website', 'restaurant-jolly.de')","('Time', {'Monday': 'NA', 'Tuesday': 'NA', 'Wednesday': 'NA', 'Thursday': 'NA', 'Friday': 'NA', 'Saturday': 'NA', 'Sunday': 'NA'})","('Reviews', [])","('Popular Times', {'Monday': [], 'Tuesday': [], 'Wednesday': [], 'Thursday': [], 'Friday': [], 'Saturday': [], 'Sunday': []})"
"('rating', '4.3')","('reviews_count', '79 review')","('location', 'Bayreuther Str. 44, 10787 Berlin')","('contact', '030 21996177')","('website', 'restaurant-berlinchen.com')","('Time', {'Monday': 'NA', 'Tuesday': 'NA', 'Wednesday': 'NA', 'Thursday': 'NA', 'Friday': 'NA', 'Saturday': 'NA', 'Sunday': 'NA'})","('Reviews', [])","('Popular Times', {'Monday': [], 'Tuesday': [], 'Wednesday': [], 'Thursday': [], 'Friday': [], 'Saturday': [], 'Sunday': []})"
"('rating', '4.1')","('reviews_count', '54 review')","('location', 'Karl-Marx-Straße 75, 12043 Berlin')","('contact', '030 00000')","('website', 'foursquare.com')","('Time', {'Monday': 'NA', 'Tuesday': 'NA', 'Wednesday': 'NA', 'Thursday': 'NA', 'Friday': 'NA', 'Saturday': 'NA', 'Sunday': 'NA'})","('Reviews', [])","('Popular Times', {'Monday': [], 'Tuesday': [], 'Wednesday': [], 'Thursday': [], 'Friday': [], 'Saturday': [], 'Sunday': []})"
"('rating', '3.8')","('reviews_count', ',036 review')","('location', 'Mittelstraße 51-52, 10117 Berlin')","('contact', '030 50154100')","('website', 'de.vapiano.com')","('Time', {'Monday': 'NA', 'Tuesday': 'NA', 'Wednesday': 'NA', 'Thursday': 'NA', 'Friday': 'NA', 'Saturday': 'NA', 'Sunday': 'NA'})","('Reviews', [])","('Popular Times', {'Monday': [], 'Tuesday': [], 'Wednesday': [], 'Thursday': [], 'Friday': [], 'Saturday': [], 'Sunday': []})"
"('rating', '4.1')","('reviews_count', ',042 review')","('location', 'Reuterstraße 28, 12047 Berlin')","('contact', '0176 61065784')","('website', 'facebook.com')","('Time', {'Monday': 'NA', 'Tuesday': 'NA', 'Wednesday': 'NA', 'Thursday': 'NA', 'Friday': 'NA', 'Saturday': 'NA', 'Sunday': 'NA'})","('Reviews', [])","('Popular Times', {'Monday': [], 'Tuesday': [], 'Wednesday': [], 'Thursday': [], 'Friday': [], 'Saturday': [], 'Sunday': []})"
"('rating', '4.0')","('reviews_count', '95 review')","('location', 'Hauptstraße 163, 10827 Berlin')","('contact', '030 91473936')","('website', 'qilinkitchen.de')","('Time', {'Monday': 'NA', 'Tuesday': 'NA', 'Wednesday': 'NA', 'Thursday': 'NA', 'Friday': 'NA', 'Saturday': 'NA', 'Sunday': 'NA'})","('Reviews', [])","('Popular Times', {'Monday': [], 'Tuesday': [], 'Wednesday': [], 'Thursday': [], 'Friday': [], 'Saturday': [], 'Sunday': []})"
"('rating', '4.5')","('reviews_count', '09 review')","('location', 'Pflügerstraße 68, 12047 Berlin')","('contact', '030 25893550')","('website', 'okay-cafe.com')","('Time', {'Monday': 'NA', 'Tuesday': 'NA', 'Wednesday': 'NA', 'Thursday': 'NA', 'Friday': 'NA', 'Saturday': 'NA', 'Sunday': 'NA'})","('Reviews', [])","('Popular Times', {'Monday': [], 'Tuesday': [], 'Wednesday': [], 'Thursday': [], 'Friday': [], 'Saturday': [], 'Sunday': []})"
"('rating', '4.6')","('reviews_count', '41 review')","('location', 'Monbijoupl. 11, 10178 Berlin')","('contact', '030 26304811')","('website', 'dae-mon.com')","('Time', {'Monday': 'NA', 'Tuesday': 'NA', 'Wednesday': 'NA', 'Thursday': 'NA', 'Friday': 'NA', 'Saturday': 'NA', 'Sunday': 'NA'})","('Reviews', [])","('Popular Times', {'Monday': [], 'Tuesday': [], 'Wednesday': [], 'Thursday': [], 'Friday': [], 'Saturday': [], 'Sunday': []})"
"('rating', '4.1')","('reviews_count', '39 review')","('location', 'Hauptstraße 15, 10827 Berlin')","('contact', '030 81494279')","('website', 'zamzam-berlin.de')","('Time', {'Monday': 'NA', 'Tuesday': 'NA', 'Wednesday': 'NA', 'Thursday': 'NA', 'Friday': 'NA', 'Saturday': 'NA', 'Sunday': 'NA'})","('Reviews', [])","('Popular Times', {'Monday': [], 'Tuesday': [], 'Wednesday': [], 'Thursday': [], 'Friday': [], 'Saturday': [], 'Sunday': []})"
"('rating', '4.3')","('reviews_count', ',401 review')","('location', 'S-Bahnbogen 203, Georgenstraße 203, 10117 Berlin')","('contact', '030 2082645')","('website', 'restaurant-nolle.de')","('Time', {'Monday': 'NA', 'Tuesday': 'NA', 'Wednesday': 'NA', 'Thursday': 'NA', 'Friday': 'NA', 'Saturday': 'NA', 'Sunday': 'NA'})","('Reviews', [])","('Popular Times', {'Monday': [], 'Tuesday': [], 'Wednesday': [], 'Thursday': [], 'Friday': [], 'Saturday': [], 'Sunday': []})"
"('rating', '4.3')","('reviews_count', '29 review')","('location', 'Albrechtstraße 12, 10117 Berlin')","('contact', '030 40054759')","('website', 'restaurant-anand.de')","('Time', {'Monday': 'NA', 'Tuesday': 'NA', 'Wednesday': 'NA', 'Thursday': 'NA', 'Friday': 'NA', 'Saturday': 'NA', 'Sunday': 'NA'})","('Reviews', [])","('Popular Times', {'Monday': [], 'Tuesday': [], 'Wednesday': [], 'Thursday': [], 'Friday': [], 'Saturday': [], 'Sunday': []})"
"('rating', '4.1')","('reviews_count', '1 review')","('location', 'EUREF-Campus 18, 10829 Berlin')","('contact', '030 26476742')","('website', 'euref.de')","('Time', {'Monday': 'NA', 'Tuesday': 'NA', 'Wednesday': 'NA', 'Thursday': 'NA', 'Friday': 'NA', 'Saturday': 'NA', 'Sunday': 'NA'})","('Reviews', [])","('Popular Times', {'Monday': [], 'Tuesday': [], 'Wednesday': [], 'Thursday': [], 'Friday': [], 'Saturday': [], 'Sunday': []})"
"('rating', '4.7')","('reviews_count', '08 review')","('location', 'Torstraße 189, 10115 Berlin')","('contact', '030 25782707')","('website', 'montraw.com')","('Time', {'Monday': 'NA', 'Tuesday': 'NA', 'Wednesday': 'NA', 'Thursday': 'NA', 'Friday': 'NA', 'Saturday': 'NA', 'Sunday': 'NA'})","('Reviews', [])","('Popular Times', {'Monday': [], 'Tuesday': [], 'Wednesday': [], 'Thursday': [], 'Friday': [], 'Saturday': [], 'Sunday': []})"
"('rating', '4.7')","('reviews_count', '49 review')","('location', 'Geisbergstraße 12, 10777 Berlin')","('contact', '030 23626090')","('website', 'saigonandmore.de')","('Time', {'Monday': 'NA', 'Tuesday': 'NA', 'Wednesday': 'NA', 'Thursday': 'NA', 'Friday': 'NA', 'Saturday': 'NA', 'Sunday': 'NA'})","('Reviews', [])","('Popular Times', {'Monday': [], 'Tuesday': [], 'Wednesday': [], 'Thursday': [], 'Friday': [], 'Saturday': [], 'Sunday': []})"
"('rating', '4.0')","('reviews_count', ',039 review')","('location', 'Wittenbergpl. 5, 10789 Berlin')","('contact', '030 2114964')","('website', 'nuovoanticaroma-berlin.de')","('Time', {'Monday': 'NA', 'Tuesday': 'NA', 'Wednesday': 'NA', 'Thursday': 'NA', 'Friday': 'NA', 'Saturday': 'NA', 'Sunday': 'NA'})","('Reviews', [])","('Popular Times', {'Monday': [], 'Tuesday': [], 'Wednesday': [], 'Thursday': [], 'Friday': [], 'Saturday': [], 'Sunday': []})"
"('rating', '4.1')","('reviews_count', '54 review')","('location', 'Viktoria-Luise-Platz 12A, 10777 Berlin')","('contact', '030 21912405')","('website', 'wiesenstein.de')","('Time', {'Monday': 'NA', 'Tuesday': 'NA', 'Wednesday': 'NA', 'Thursday': 'NA', 'Friday': 'NA', 'Saturday': 'NA', 'Sunday': 'NA'})","('Reviews', [])","('Popular Times', {'Monday': [], 'Tuesday': [], 'Wednesday': [], 'Thursday': [], 'Friday': [], 'Saturday': [], 'Sunday': []})"
"('rating', '4.5')","('reviews_count', '27 review')","('location', 'Albrechtstraße 8, 10117 Berlin')","('contact', '030 30886560')","('website', 'alvis-restaurant.de')","('Time', {'Monday': 'NA', 'Tuesday': 'NA', 'Wednesday': 'NA', 'Thursday': 'NA', 'Friday': 'NA', 'Saturday': 'NA', 'Sunday': 'NA'})","('Reviews', [])","('Popular Times', {'Monday': [], 'Tuesday': [], 'Wednesday': [], 'Thursday': [], 'Friday': [], 'Saturday': [], 'Sunday': []})"
"('rating', '3.9')","('reviews_count', '43 review')","('location', 'Wilhelmstraße 87, 10117 Berlin')","('contact', '030 20605508')","('website', 'sushi-club.org')","('Time', {'Monday': 'NA', 'Tuesday': 'NA', 'Wednesday': 'NA', 'Thursday': 'NA', 'Friday': 'NA', 'Saturday': 'NA', 'Sunday': 'NA'})","('Reviews', [])","('Popular Times', {'Monday': [], 'Tuesday': [], 'Wednesday': [], 'Thursday': [], 'Friday': [], 'Saturday': [], 'Sunday': []})"
"('rating', '4.7')","('reviews_count', '29 review')","('location', 'Gartenstraße 1, 10115 Berlin')","('contact', '030 28884994')","('website', 'salamat.berlin')","('Time', {'Monday': 'NA', 'Tuesday': 'NA', 'Wednesday': 'NA', 'Thursday': 'NA', 'Friday': 'NA', 'Saturday': 'NA', 'Sunday': 'NA'})","('Reviews', [])","('Popular Times', {'Monday': [], 'Tuesday': [], 'Wednesday': [], 'Thursday': [], 'Friday': [], 'Saturday': [], 'Sunday': []})"
"('rating', '3.7')","('reviews_count', '01 review')","('location', 'Scheidemannstraße 1, 10557 Berlin')","('contact', '030 20654737')","('website', 'berlin-pavillon.de')","('Time', {'Monday': 'NA', 'Tuesday': 'NA', 'Wednesday': 'NA', 'Thursday': 'NA', 'Friday': 'NA', 'Saturday': 'NA', 'Sunday': 'NA'})","('Reviews', [])","('Popular Times', {'Monday': [], 'Tuesday': [], 'Wednesday': [], 'Thursday': [], 'Friday': [], 'Saturday': [], 'Sunday': []})"
"('rating', '3.9')","('reviews_count', '8 review')","('location', 'Sonnenallee 58, 12045 Berlin')","('contact', '01514 7566449')","('website', 'm.facebook.com')","('Time', {'Monday': 'NA', 'Tuesday': 'NA', 'Wednesday': 'NA', 'Thursday': 'NA', 'Friday': 'NA', 'Saturday': 'NA', 'Sunday': 'NA'})","('Reviews', [])","('Popular Times', {'Monday': [], 'Tuesday': [], 'Wednesday': [], 'Thursday': [], 'Friday': [], 'Saturday': [], 'Sunday': []})"
"('rating', '4.3')","('reviews_count', '34 review')","('location', 'Yorckstraße 89A, 10965 Berlin')","('contact', '030 64444053')","('website', 'yorcks-kebap.berlin')","('Time', {'Monday': 'NA', 'Tuesday': 'NA', 'Wednesday': 'NA', 'Thursday': 'NA', 'Friday': 'NA', 'Saturday': 'NA', 'Sunday': 'NA'})","('Reviews', [])","('Popular Times', {'Monday': [], 'Tuesday': [], 'Wednesday': [], 'Thursday': [], 'Friday': [], 'Saturday': [], 'Sunday': []})"
"('rating', '4.3')","('reviews_count', ',273 review')","('location', 'Budapester Str. 40, 10787 Berlin')","('contact', '030 120221200')","('website', 'neniberlin.de')","('Time', {'Monday': 'NA', 'Tuesday': 'NA', 'Wednesday': 'NA', 'Thursday': 'NA', 'Friday': 'NA', 'Saturday': 'NA', 'Sunday': 'NA'})","('Reviews', [])","('Popular Times', {'Monday': [], 'Tuesday': [], 'Wednesday': [], 'Thursday': [], 'Friday': [], 'Saturday': [], 'Sunday': []})"
"('rating', '4.3')","('reviews_count', '87 review')","('location', 'Esra, Rosa-Luxemburg-Straße 5, 10178 Berlin')","('contact', '030 99270449')","('website', 'esra-falafel.de')","('Time', {'Monday': 'NA', 'Tuesday': 'NA', 'Wednesday': 'NA', 'Thursday': 'NA', 'Friday': 'NA', 'Saturday': 'NA', 'Sunday': 'NA'})","('Reviews', [])","('Popular Times', {'Monday': [], 'Tuesday': [], 'Wednesday': [], 'Thursday': [], 'Friday': [], 'Saturday': [], 'Sunday': []})"
"('rating', '4.2')","('reviews_count', ',202 review')","('location', 'Mehringdamm 36, 10961 Berlin')","('contact', '030 2517368')","('website', 'curry36.de')","('Time', {'Monday': 'NA', 'Tuesday': 'NA', 'Wednesday': 'NA', 'Thursday': 'NA', 'Friday': 'NA', 'Saturday': 'NA', 'Sunday': 'NA'})","('Reviews', [])","('Popular Times', {'Monday': [], 'Tuesday': [], 'Wednesday': [], 'Thursday': [], 'Friday': [], 'Saturday': [], 'Sunday': []})"
"('rating', '3.5')","('reviews_count', ',222 review')","('location', 'Potsdamer Platz 5, 10785 Berlin')","('contact', '030 23005005')","('website', 'vapiano.de')","('Time', {'Monday': 'NA', 'Tuesday': 'NA', 'Wednesday': 'NA', 'Thursday': 'NA', 'Friday': 'NA', 'Saturday': 'NA', 'Sunday': 'NA'})","('Reviews', [])","('Popular Times', {'Monday': [], 'Tuesday': [], 'Wednesday': [], 'Thursday': [], 'Friday': [], 'Saturday': [], 'Sunday': []})"
"('rating', '4.2')","('reviews_count', ',470 review')","('location', 'Schöneberger Str. 16, 10963 Berlin')","('contact', '030 55577606')","('website', 'brlo-brwhouse.de')","('Time', {'Monday': 'NA', 'Tuesday': 'NA', 'Wednesday': 'NA', 'Thursday': 'NA', 'Friday': 'NA', 'Saturday': 'NA', 'Sunday': 'NA'})","('Reviews', [])","('Popular Times', {'Monday': [], 'Tuesday': [], 'Wednesday': [], 'Thursday': [], 'Friday': [], 'Saturday': [], 'Sunday': []})"
"('rating', '3.8')","('reviews_count', '5 review')","('location', 'Mohrenstraße 30, 10117 Berlin')","('contact', '030 202302461')","('website', 'hilton.com')","('Time', {'Monday': 'NA', 'Tuesday': 'NA', 'Wednesday': 'NA', 'Thursday': 'NA', 'Friday': 'NA', 'Saturday': 'NA', 'Sunday': 'NA'})","('Reviews', [])","('Popular Times', {'Monday': [], 'Tuesday': [], 'Wednesday': [], 'Thursday': [], 'Friday': [], 'Saturday': [], 'Sunday': []})"
"('rating', '4.3')","('reviews_count', '58 review')","('location', 'Rosa-Luxemburg-Straße 9-11, 10178 Berlin')","('contact', '030 70093967')","('website', 'prince-restaurant.com')","('Time', {'Monday': 'NA', 'Tuesday': 'NA', 'Wednesday': 'NA', 'Thursday': 'NA', 'Friday': 'NA', 'Saturday': 'NA', 'Sunday': 'NA'})","('Reviews', [])","('Popular Times', {'Monday': [], 'Tuesday': [], 'Wednesday': [], 'Thursday': [], 'Friday': [], 'Saturday': [], 'Sunday': []})"
"('rating', '4.4')","('reviews_count', ',703 review')","('location', 'Mercedes Platz, 10243 Berlin')","('contact', '030 25295830')","('website', 'tonyromas.de')","('Time', {'Monday': 'NA', 'Tuesday': 'NA', 'Wednesday': 'NA', 'Thursday': 'NA', 'Friday': 'NA', 'Saturday': 'NA', 'Sunday': 'NA'})","('Reviews', [])","('Popular Times', {'Monday': [], 'Tuesday': [], 'Wednesday': [], 'Thursday': [], 'Friday': [], 'Saturday': [], 'Sunday': []})"
